,aircraft,nbBuilt,startDate,endDate,retired
0,Gotha G.III,25,1916,1916.0,
1,Macchi C.205,262,1942,1944.0,1950
2,Antonov An-30,123,1971,1980.0,
3,Blohm & Voss Ha 137,6,1935,1937.0,
4,Panavia Tornado,992,1979,1998.0,
5,Fairchild Republic A-10 Thunderbolt II,716,1972,,
6,AD Navyplane,1,1916,1916.0,
7,Yakovlev Yak-9,16769,1942,1948.0,
8,Progressive Aerodyne SeaRey,480,1992,,
9,Sukhoi Su-24,1400,1967,1993.0,
10,Lockwood Aircam,160,1995,,
11,RWD 17,30,1938,1939.0,1939
12,Martin 4-0-4,103,1951,1953.0,
13,Blohm & Voss Ha 139,3,1936,1938.0,
14,Hughes OH-6 Cayuse,1420,1965,,
15,PZL-104 Wilga,1000,1962,2006.0,
16,PR-5 Wiewior plus,2,2010,,
17,Boeing 737 Classic,1988,1981,2000.0,
18,PZL.26,5,1934,1934.0,1939
19,Blohm & Voss BV 138,297,1938,1938.0,
20,Fleet Finch,606,1939,1941.0,1947
21,Boeing 707,1010,1958,1979.0,
22,Pilatus PC-6 Porter,581,1959,,
23,Short 330,330,1974,1992.0,
24,Rans S-12 Airaile,1112,1990,,
25,Robin HR100,178,1969,1976.0,
26,Lublin R-XIII,273,1932,1938.0,1940.0
27,AÃ©rospatiale Gazelle,1775,1967,2012.0,
28,General Atomics MQ-1C Gray Eagle,152,2004,,
29,PAC CT/4 Airtrainer,155,1972,2008.0,
30,Hansa-Brandenburg L.16,1,1917,1918.0,
31,PZL.46 Sum,2,1939,1939.0,
32,Polikarpov I-5,803,1931,,1942
33,Learjet 24,259,1966,1977.0,
34,Comper Swift,45,1930,1933.0,
35,Douglas DC-6,704,1946,1958.0,
36,Eurocopter EC225 Super Puma,170,1999,,
37,Lockheed EC-121 Warning Star,232,1953,1958.0,1982
38,Messerschmitt Me 323,198,1942,1944.0,1944
39,Tupolev TB-3,818,1932,1934.0,1945
40,Boeing B-17 Flying Fortress,12731,1936,1945.0,1968
41,Gulfstream G550,500,2003,,
42,Douglas A-1 Skyraider,3180,1945,1957.0,1985
43,Yakovlev Yak-17,430,1948,1949.0,1960.0
44,Dassault Mirage IIIV,2,1965,1966.0,
45,Northrop Grumman B-2 Spirit,21,1987,2000.0,
46,Mitsubishi MU-2,704,1963,1986.0,
47,Mil Mi-1,2594,1950,1965.0,
48,Short Belfast,10,1964,1968.0,from RAF service 1976
49,Dornier Do 24,279,1937,1945.0,
50,Polikarpov I-153,3437,1939,1941.0,
51,AÃ©rospatiale SA 321 Super Frelon,110,1962,1981.0,
52,Ilyushin Il-86,106,1976,1995.0,2011
53,Saab 18,245,1944,1948.0,1959
54,Avro Vulcan,136,1956,1965.0,March 1984
55,Canadian Car and Foundry FDB-1,1,1938,1938.0,
56,Curtiss SOC Seagull,322,1935,1940.0,1945
57,Ibis GS-501 Urraco,58,2000,,
58,Spartan Clipper,1,1932,1932.0,
59,Fleet Fawn,71,1931,1938.0,1947
60,Friedrichshafen G.III,338,1917,1918.0,
61,Cessna Citation Excel,575,1996,,
62,Britten-Norman Islander,1280,1965,,
63,Farman F.30,400,1915,1921.0,1924
64,IAR 330,163,1975,,
65,Levasseur PL.2,11,1922,1923.0,1932
66,Tupolev Tu-160,27,1984,1992.0,
67,Avro Canada VZ-9 Avrocar,2,1958,1959.0,1961
68,Bell UH-1 Iroquois,16000,1956,,
69,Bell YFM-1 Airacuda,13,1937,1939.0,1942
70,Sikorsky S-76,1090,1977,,
71,PZL TS-11 Iskra,424,1963,1987.0,
72,Embraer EMB 312 Tucano,624,1980,1996.0,
73,Boeing 737 MAX,4,2014,,
74,Fieseler Fi 167,14,1938,1940.0,
75,PAC Super Mushshak,60,1995,,
76,Ilyushin Il-62,292,1963,1995.0,
77,Focke-Wulf Fw 189,864,1940,,1945
78,Dassault/Dornier Alpha Jet,480,1973,1991.0,
79,Grumman F7F Tigercat,364,1943,1946.0,1954
80,Martin PBM Mariner,1366,1937,1949.0,1964
81,Lockheed Martin A-4AR Fightinghawk,36,1996,1999.0,
82,Lockheed C-5 Galaxy,131,5,5.0,
83,Embraer EMB 121 Xingu,106,1977,1987.0,
84,Learjet 45,642,1995,,
85,Consolidated PB4Y-2 Privateer,739,1943,1945.0,1958
86,British Aerospace Nimrod AEW3,8,11,11.0,1986
87,Henschel Hs 129,865,1940,1944.0,1945
88,Dassault Rafale,154,1986,,
89,Cessna 340,1351,1971,1984.0,
90,Fiat CR.42,1817,1939,1943.0,1948
91,Mitsubishi J8M,7,1944,1945.0,
92,Airship Industries Skyship 500,6,1980,1990.0,
93,Grumman Gulfstream II,258,1967,,
94,Dornier Do 228,270,1981,1998.0,
95,SAAB 21,298,1945,,1954-07-23
96,Airbus Beluga,5,1992,1999.0,
97,Boeing 747 hull losses,1505,1968,,
98,Bell P-63 Kingcobra,3303,1943,1945.0,
99,De Havilland Australia DHA-3 Drover,20,1949,1953.0,
100,Griffon Aerospace MQM-170 Outlaw,2200,2004,,
101,Marinens Flyvebaatfabrikk M.F.4,6,1918,1918.0,
102,Pfalz D.VIII,40,1918,1918.0,
103,PZL P.7,149,1932,1933.0,
104,EoN 460,55,1963,1966.0,
105,Wedell-Williams Model 44,4,1930,1931.0,1939
106,Buckley LC-4,1,1930,1930.0,
107,Gloster Meteor,3947,1943,,1980.0
108,Caproni PS.1,2,1934,1934.0,
109,Taylor J-2,1207,1936,1938.0,
110,SIPA S.90,113,1948,1950.0,
111,Lockheed TriStar (RAF),9,1979,1984.0,2014
112,TAI/AgustaWestland T129,15,2009,,
113,General Atomics MQ-1 Predator,360,1995,,
114,BrÃ©guet Br 904 Nymphale,18,1956,,
115,PWS-5,2,1928,1929.0,
116,Cessna AT-17 Bobcat,5422,1939,1944.0,
117,British Aerospace 125,1600,1962,2013.0,RAF 2015
118,Custer Channel Wing,2,1953,1964.0,
119,Embraer R-99,11,1999,1999.0,
120,Lockheed L-749 Constellation,119,1947,1951.0,1993
121,Lockheed L-049 Constellation,88,1942,1946.0,1970.0
122,Bombardier Dash 8,1193,1983,,
123,Buckley F-1,1,1929,1929.0,
124,Curtiss XP-62,1,1943,1943.0,
125,Polikarpov I-15,3313,1934,1937.0,
126,Piper PA-38 Tomahawk,2484,1978,1982.0,
127,Bombardier Challenger 300,500,2001,,
128,Fairchild Hiller FH-1100,253,1966,1973.0,
129,Chotia Weedhopper,13000,1977,,
130,Hughes H-1 Racer,1,1935,1935.0,
131,Kreutzer Air Coach,15,1928,1929.0,
132,Canadian Aerodrome Baddeck No. 1 and No. 2,2,1909,1909.0,
133,Fokker F27 Friendship,586,1955,1955.0,
134,Marinens Flyvebaatfabrikk M.F.1,5,1915,1915.0,
135,Eurocopter AS365 Dauphin,1000,1975,,
136,Soko G-4 Super Galeb,85,1984,1991.0,
137,Beechcraft Duke,596,1968,1983.0,
138,Northrop YC-125 Raider,23,1949,1950.0,1955
139,Pilatus PC-7,618,1966,,
140,Miles Martinet,1724,1942,1945.0,
141,Convair XFY Pogo,3,1954,1954.0,
142,Learjet 28,9,1977,1982.0,http://dbpedia.org/resource/NASA
143,Breda Ba.25,763,1931,1938.0,
144,Marinens Flyvebaatfabrikk M.F.3,4,1917,1917.0,
145,Slingsby Hengist,18,1942,1944.0,1946
146,Boeing EA-18G Growler,100,2004,,
147,Embraer ERJ 145 family,890,1989,,
148,PZL.23 KaraÅ,250,1936,1938.0,1946
149,Boeing P-12,586,1929,1932.0,1949
150,LWD Å»ak,13,1947,1948.0,1955
151,Tachikawa Ki-36,1334,1938,1944.0,
152,Boeing C-135 Stratolifter,803,1954,1965.0,
153,BlÃ©riot IX,1,1908,1908.0,
154,Fokker E.III,249,1915,1916.0,
155,RogoÅ¾arski SIM-Ð¥,21,1937,1941.0,1944
156,Amiot 143,138,1935,1937.0,1944
157,North American F-100 Super Sabre,2294,1953,1959.0,1979
158,Kamov Ka-126,17,1989,1991.0,
159,Cessna 180,6193,1953,1981.0,
160,Aichi E16A,256,1944,1945.0,
161,Boeing YB-9,7,1930,1933.0,1935
162,Tupolev Tu-95,500,1952,1994.0,
163,Northrop F-5,1399,1959,1987.0,
164,PZL-101 Gawron,325,1960,1968.0,
165,Mitsubishi A6M Zero,10939,1940,1945.0,1945
166,Tachikawa Ki-54,1368,1941,1945.0,1952
167,Praga BH-111,3,1932,1932.0,
168,Dornier 328,217,1991,2000.0,
169,Martin NBS-1,130,1920,1922.0,1929
170,Hendy 302,1,1929,1929.0,1938
171,Schneider ES-57 Kingfisher,11,2,,
172,AeroVironment RQ-11 Raven,19000,2004,,
173,Grumman G-73 Mallard,59,1946,1951.0,
174,Yakovlev Yak-50 (1975),314,1975,1986.0,
175,Beechcraft Model 17 Staggerwing,785,1933,1949.0,
176,Fokker E.II,49,1915,1915.0,
177,Antonov An-124 Ruslan,55,1982,,
178,Grumman OV-1 Mohawk,380,1959,1970.0,September 1996
179,Henschel Hs 132,4,1945,1945.0,
180,IAR-93 Vultur,88,1975,1992.0,
181,Fokker 50,213,1987,1997.0,
182,GlasflÃ¼gel BS-1,20,1964,1969.0,
183,Airbus A380,195,2005,,
184,SIAI-Marchetti S.211,60,1981,1994.0,
185,Boeing 757,1050,1981,2004.0,
186,Sukhoi Su-11,108,1962,1965.0,1983
187,EADS CASA C-295,136,1997,,
188,Avro 652,2,1935,1935.0,March 1942
189,Antonov An-70,2,1994,1996.0,
190,Bell 222,230,222,1991.0,
191,Junkers D.I,41,1918,1918.0,
192,Schleicher ASW 24,249,1988,1993.0,
193,Vickers Viscount,445,1948,1963.0,2008
194,Cessna A-37 Dragonfly,577,1963,1975.0,
195,Mikoyan-Gurevich MiG-3,3172,1940,,1945
196,Hawker Typhoon,3317,1941,1945.0,October 1945
197,Hawker Danecock,15,1925,1926.0,
198,Sablatnig C.I,2,1917,1917.0,
199,Bristol Sycamore,180,1947,1955.0,
200,Cierva C.24,1,1931,1931.0,
201,Miles Sparrowhawk,6,1935,1936.0,
202,Waco CG-13,135,1945,1945.0,1945
203,Mitsubishi Ki-30,704,1938,1941.0,
204,Northrop T-38 Talon,1146,1961,1972.0,
205,Robin ATL,132,1985,1991.0,
206,Junkers Ju 290,65,1942,1946.0,
207,Nakajima Ki-49,819,1941,1944.0,1945
208,Convair CV-240 family,1181,1947,1954.0,
209,Miles Messenger,93,1942,1948.0,
210,Aero Boero AB-115,45,1969,1969.0,
211,Spartan Executive,34,1936,1940.0,
212,Consolidated PBY Catalina,3305,1936,1945.0,January 1957
213,De Havilland DH.34,12,1922,1922.0,1926
214,Piper PA-12,3760,1946,1948.0,
215,Republic P-47 Thunderbolt,15677,1941,1945.0,1966
216,Comac ARJ21,6,2007,,
217,English Electric Ayr,2,1924,1924.0,
218,Nakajima J1N,479,1942,1944.0,1945
219,Mikoyan MiG-31,519,1975,1994.0,
220,Boeing KC-97 Stratofreighter,811,1951,1951.0,June 1978
221,De Havilland T.K.5,1,1938,1939.0,
222,Cessna 152,7584,1977,1985.0,
223,Sikorsky MH-60 Jayhawk,42,1990,1996.0,
224,Fairchild C-123 Provider,307,1949,1970.0,United States Air Force c. 1980
225,Antonov A-7,400,1942,,
226,Lisunov Li-2,6157,1939,1952.0,
227,Swift S-1,30,1991,1991.0,
228,Schreder Airmate HP-11,42,1962,,
229,Bell 412,869,1979,,
230,Boeing 747-8,109,2008,,
231,Beechcraft Queen Air,930,1960,1978.0,
232,Lockheed T-33,6557,1948,1959.0,
233,Nieuport 12,300,1915,1918.0,
234,Kaman K-MAX,38,1991,2003.0,
235,Aermacchi MB-326,800,1961,1975.0,
236,McDonnell Douglas F-4 Phantom II,5195,1958,,2013
237,De Havilland Hornet Moth,164,1935,1938.0,
238,OrliÄan L-40 Meta Sokol,106,1957,1959.0,
239,FMA IA 63 Pampa,27,1984,,
240,Pheasant H-10,41,1928,1930.0,
241,Marinens Flyvebaatfabrikk M.F.5,9,1918,1918.0,
242,Cierva C.29,1,1934,1934.0,
243,Boeing Skyfox,1,1982,1982.0,1997
244,Bowlus BA-100 Baby Albatross,156,1938,1944.0,
245,Northrop YF-23,2,1989,,
246,Avro 548,38,1920,,
247,Pilatus PC-21,131,2002,,
248,Beechcraft T-6 Texan II,850,2000,,
249,Chrislea Super Ace,21,1948,1952.0,
250,De Havilland DH.18,6,1919,1921.0,1923
251,Cessna Citation Latitude,32,2014,,
252,Cessna Citation Mustang,425,2005,,
253,British Aerospace ATP,64,1988,1996.0,
254,Maule M-5,855,1974,1983.0,
255,Beechcraft 1900,695,1982,2002.0,
256,Sikorsky MH-53,72,1967,1967.0,
257,Handley Page Jetstream,66,1967,1975.0,Royal navy 2011 RAF 2003
258,AEG J.I,609,1917,1918.0,
259,FFVS 22,198,1942,1946.0,1952
260,Avro Lancastrian,91,1943,1945.0,1960
261,Sukhoi Su-30,540,1992,,
262,De Havilland Canada DHC-5 Buffalo,122,1965,1972.0,
263,Fizir F1V,56,1928,1932.0,1941
264,RWD 10,22,1937,1938.0,1939
265,Sopwith Pup,1770,1916,1918.0,
266,Airbus A330 MRTT,27,2007,,
267,Lockheed L-1049 Super Constellation,320,1951,1958.0,
268,RWD 9,1,1933,1934.0,
269,De Havilland DH 108,3,1946,1947.0,
270,Fokker E.I,54,1915,1916.0,
271,Raytheon T-1 Jayhawk,180,1992,1997.0,
272,Douglas O-31,13,1930,1933.0,
273,Tupolev Tu-204,80,1990,,
274,Birdman Chinook,1100,1983,1987.0,
275,Piper PA-31 Navajo,3942,1967,1984.0,
276,Fokker F28 Fellowship,241,1967,1987.0,
277,De Havilland Express,62,1934,1937.0,
278,Hanriot H.230,35,1940,1940.0,1945
279,NAMC YS-11,182,1962,1974.0,
280,PZL.43,54,1937,1939.0,1946
281,Nardi FN.305,208,1937,1943.0,1948
282,Cessna 140,7664,1946,1951.0,
283,Cessna 206,8509,1962,1962.0,
284,Flitfire,49,10,10.0,
285,Mil Mi-2,5497,1965,1998.0,
286,PZL.44 Wicher,1,1938,1938.0,1939
287,Cessna Citation I,689,1969,1985.0,
288,Avro Manchester,202,1940,1941.0,1942
289,British Aerospace Jetstream 41,100,1992,1997.0,
290,Yakovlev Yak-40,1011,1967,1981.0,
291,North American A-5 Vigilante,156,1956,,
292,Tachikawa Ki-9,2618,1934,1945.0,1945
293,Beechcraft T-34 Mentor,2300,1953,1959.0,
294,Cessna T-37 Tweet,1269,1955,1975.0,2009
295,Arado Ar 67,1,1933,1933.0,
296,CAC Sabre,112,1953,,1982
297,Airspeed Ambassador,23,1947,1953.0,
298,HAL Dhruv,200,1992,,
299,Fairchild Swearingen Metroliner,600,1968,2001.0,
300,Saab 2000,63,1992,,
301,Antonov An-2,18000,1947,2001.0,
302,Bell P-39 Airacobra,9588,1940,1944.0,
303,Cessna 425,236,1980,1980.0,
304,Marinens Flyvebaatfabrikk M.F.6,2,1921,,May 1927
305,Fairey Barracuda,2607,1941,1945.0,
306,Douglas F4D Skyray,422,1950,1958.0,1964
307,Tupolev Tu-334,2,1999,2009.0,
308,Grumman C-2 Greyhound,58,2,2.0,
309,Cessna 177 Cardinal,4295,1968,1978.0,
310,Aero A.200,2,1934,1934.0,
311,ShinMaywa US-2,4,2003,,
312,Hawker 4000,73,2011,2013.0,
313,Curtiss-Wright AT-9,792,1941,1943.0,
314,AMX International AMX,200,1986,1999.0,
315,Dassault Falcon 50,352,1976,2008.0,
316,Airbus A320 family,7256,1986,,
317,Republic P-43 Lancer,272,1940,1941.0,1944
318,Blohm & Voss Ha 140,3,1937,,
319,Wood Sky Pup,350,1982,,
320,Mil Mi-24,2300,1969,,
321,Skycycle X-2,3,1974,1974.0,
322,CAC Boomerang,250,1942,1945.0,
323,RWD 15,6,1939,1939.0,
324,Dassault Super MystÃ¨re,180,1956,,1977
325,Aichi B7A,114,1941,,September 1945
326,PWS-10,80,1931,1932.0,1939
327,Curtiss P-6 Hawk,70,1929,1929.0,
328,Mil Mi-8,17000,1961,,
329,Piper PA-24 Comanche,4857,1957,1972.0,
330,Armstrong Whitworth Atlas,478,1927,1933.0,19351942
331,Honda HA-420 HondaJet,12,2012,,
332,AÃ©rospatiale Alouette III,2000,1961,1985.0,
333,Lockheed U-2,104,1955,1989.0,
334,Tupolev TB-1,218,1929,1932.0,1948
335,Shenyang J-8,380,1979,,
336,AEA Cygnet,4,1907,1912.0,1910.0
337,Hansa-Brandenburg KDW,58,1916,1918.0,
338,Chase YC-122 Avitruc,18,1947,1953.0,
339,RogoÅ¾arski SIM-VIII,5,1931,1933.0,1941
340,Gyrodyne QH-50 DASH,755,1962,1969.0,
341,Blackburn Bluebird IV,58,1929,1931.0,1947
342,Supermarine Spitfire (late Merlin-powered variants),8996,1942,1945.0,1955
343,Dassault Mirage 2000,601,1978,2007.0,
344,Lavochkin-Gorbunov-Gudkov LaGG-3,6528,1941,1944.0,
345,Learjet 35,738,1973,1994.0,
346,Boeing 747,1527,1968,,
347,Westland Sea King,344,1969,1995.0,
348,Rocky Mountain Wings Ridge Runner,68,2000,,
349,Sukhoi Su-27,809,1982,,
350,Alenia C-27J Spartan,82,2015,,
351,Royal Aircraft Factory F.E.2,1939,1914,1918.0,1918
352,Beechcraft Super King Air,3550,1972,,
353,Tsunami Racer,1,1986,1986.0,
354,Heinkel He 280,9,1940,1943.0,
355,Curtiss-Wright CW-21,62,1939,1940.0,
356,Bristol Beaufighter,5928,1940,1946.0,1960
357,Messerschmitt Me 410,1189,1943,1944.0,1945
358,Shavrov Sh-2,700,1934,1936.0,
359,Beriev MBR-2,1365,1934,1941.0,
360,Dornier Do 215,105,1939,1941.0,1944
361,Canadair CC-109 Cosmopolitan,13,1959,1959.0,1994
362,Faucett F-19,36,1934,1946.0,
363,Curtiss JN-6H,1035,1918,1918.0,
364,Cessna 404 Titan,396,1976,1982.0,
365,Kawanishi H8K,167,1941,1945.0,1945
366,Bombardier CRJ700 series,782,1999,,
367,Messerschmitt Me 321,200,1941,1942.0,
368,Hughes H-4 Hercules,1,1947,1947.0,
369,Nakajima Ki-43,5919,1939,1945.0,1952
370,Waco 10,1623,1927,1933.0,
371,Mil Mi-4,4000,1951,1979.0,
372,SchÃ¼tte-Lanz D.II,1,1915,1915.0,
373,Beechcraft Model 18,9000,1937,1970.0,
374,Boeing CH-47 Chinook,1200,1962,,
375,Convair 990 Coronado,37,1961,1963.0,"September, 1987"
376,Boeing 747SP,45,1976,1989.0,
377,Handley Page Heyford,125,1933,1936.0,1941
378,Saab 32 Lansen,450,1954,1960.0,1997
379,Avro York,259,1943,1949.0,1964
380,Aerotec Uirapuru,155,1968,1977.0,
381,Koolhoven F.K.52,6,1938,1940.0,1943
382,Rans S-9 Chaos,215,1986,2006.0,
383,Curtiss F6C Hawk,75,1927,1927.0,
384,Siebel Fh 104,46,1937,1942.0,
385,Convair B-36 Peacemaker,384,1946,1954.0,
386,Lockheed Martin C-130J Super Hercules,300,1996,,
387,AIDC AT-3,62,1984,1989.0,
388,Sukhoi Su-17,2867,1969,1990.0,
389,RogoÅ¾arski SIM-XII-H,9,1939,1941.0,1941
390,Airbus A340,377,1991,2011.0,
391,Embraer EMB 110 Bandeirante,501,1968,1990.0,
392,ZlÃ­n Z 43,80,1972,1977.0,
393,PZL.19,3,1932,1932.0,1935
394,Nakajima E4N,153,1931,1933.0,
395,Hongdu JL-8,500,1990,,
396,BlÃ©riot X,1,1908,1908.0,
397,De Havilland Hornet,383,1945,1950.0,1956
398,Fairchild C-82 Packet,223,1944,1948.0,
399,Vickers VC.1 Viking,163,1945,1954.0,
400,Lockheed Constellation,856,1943,1958.0,1990.0
401,Boeing 767,1093,1981,,
402,Petlyakov Pe-3,360,1941,1944.0,1945
403,Boeing Model 360,1,1987,1987.0,
404,RepÃ¼lÅgÃ©pgyÃ¡r Levente II,100,1942,1943.0,1950.0
405,PZL TS-8 Bies,251,1957,1960.0,1978
406,Transall C-160,214,1965,1985.0,South Africa 1997
407,Ilyushin Il-1,1,1944,1944.0,
408,Vought F7U Cutlass,320,1948,1955.0,
409,Mooney M-18 Mite,283,1947,,
410,Boeing E-3 Sentry,68,1977,1992.0,
411,FAdeA IA 100,1,2015,,
412,Gazda Helicospeeder,2,1946,1947.0,
413,Tupolev Tu-144,16,1963,1983.0,
414,Britten-Norman Trislander,72,1970,1980.0,
415,Schleicher Ka 2 RhÃ¶nschwalbe,42,1953,1957.0,
416,Fairey Gannet AEW.3,44,1958,1963.0,
417,List of Focke-Wulf Fw 190 variants,20000,1941,,1945
418,Grumman American AA-5,3282,1971,2006.0,
419,Short Empire,42,1936,1940.0,1946
420,Canadair CL-415,90,1993,2015.0,
421,ENAER T-35 PillÃ¡n,154,1984,1991.0,
422,Boeing 314 Clipper,12,1938,1941.0,1946
423,Heinkel He 111,6508,1935,,1958
424,Fiat G.12,104,1941,1944.0,1956
425,Piper PA-32,7842,1965,2014.0,
426,Cessna Citation V,262,1989,2011.0,
427,Ilyushin Il-2,36183,1941,1945.0,1954
428,Westland Wessex,382,1958,1970.0,2003
429,Kamov Ka-31,35,1985,,
430,Antonov An-225 Mriya,1,1988,1988.0,
431,Mil Mi-14,230,1974,1986.0,
432,Vickers Windsor,3,1943,1944.0,
433,Gribovsky G-11,500,1941,1948.0,
434,Nakajima A4N,221,1935,1940.0,
435,Caproni Ca.5,662,1917,1921.0,
436,Cessna 411,302,1962,1968.0,
437,Hawker Siddeley HS 748,380,1961,1988.0,
438,PZL.37 ÅoÅ,120,1938,1939.0,1944
439,Tecnam P2010,25,2014,,
440,Airbus A318,80,2001,,
441,Beechcraft Bonanza,17000,1947,,
442,Westland 30,41,1981,1987.0,ca.1991
443,Antonov An-32,361,1976,,
444,KAI T-50 Golden Eagle,82,2001,,
445,Lavochkin-Gorbunov-Gudkov LaGG-1,100,1940,1940.0,
446,Boeing B-29 Superfortress,3970,1943,1946.0,
447,Tupolev Tu-4,847,1949,1952.0,-1960.0
448,Fairey Hendon,15,1936,1937.0,January 1939
449,Vickers Viking,31,1919,1923.0,
450,Avro Anson,11020,1930,1952.0,
451,Kawasaki P-2J,83,1966,1979.0,1996
452,Pterodactyl Ascender,1396,1979,1984.0,
453,Armstrong Whitworth A.W.23,1,1935,1935.0,1940
454,Cessna Citation X,330,1996,1996.0,
455,Short Kent,3,1930,1931.0,1938
456,PWS-24,11,1933,1935.0,
457,Caudron C.714,90,1939,1940.0,1941
458,Akaflieg Darmstadt D-29,1,1936,1936.0,
459,North American T-28 Trojan,1948,1950,,1994
460,Fairey Flycatcher,196,1923,1926.0,1934
461,Soko J-20 Kraguj,85,1968,1977.0,
462,Grumman Gulfstream I,200,1959,1969.0,
463,Tupolev Tu-104,201,1956,1960.0,1986
464,Westland Whirlwind (helicopter),360,1953,1966.0,
465,Schweizer SGS 2-33,579,1967,1981.0,
466,Alaparma Baldo,35,1949,,
467,Aero A.100,44,1933,1935.0,1940.0
468,Blackburn Shark,269,1937,1939.0,1945
469,Shapley Kittiwake,2,1937,1938.0,
470,Aero A.23,7,1920,1920.0,1936
471,McDonnell Douglas F/A-18 Hornet in Australian service,57,1984,1990.0,
472,Mil Mi-28,126,1982,,
473,PWS-26,320,1936,1939.0,1953
474,Fiat G.212,26,1947,1950.0,
475,Gulfstream G650,185,2008,,
476,Bristol Bombay,51,1939,1939.0,1944
477,Short Sunderland,777,1938,1946.0,RNZAF: 1967
478,SIPA S.1000 Coccinelle,3,1955,1955.0,
479,Boeing AH-64 Apache,2000,1983,,
480,Antonov An-14,332,1966,1972.0,
481,Yokosuka D3Y,3,1945,1945.0,
482,Dornier Do 335,37,1944,1945.0,1945
483,St. Louis C2 Cardinal,22,1928,1931.0,
484,Handley Page Halifax,6176,1940,1945.0,1961
485,Douglas DC-4,1163,1942,1942.0,
486,Koolhoven F.K.58,20,1939,1940.0,1940
487,Fokker 100,283,1986,1997.0,
488,Spirit of St. Louis,1,1927,1927.0,
489,Howard DGA-15,520,1939,1944.0,
490,PZL Kania,19,1986,2006.0,
491,Kamov Ka-26,816,1969,1985.0,
492,Canadair Sabre,1815,1950,1958.0,1980
493,Airspeed Envoy,52,1934,1939.0,1951
494,Gulfstream G280,100,2009,,
495,IKV-3 Kotka,1,1966,1966.0,
496,AEA White Wing,1,1908,1908.0,
497,Mil Mi-17,12000,1977,,
498,Chu Hummingbird,2,2,2.0,
499,Heinkel He 116,14,1937,1938.0,
500,Potez 15,687,1923,1926.0,
501,Cessna 150,23949,1958,1977.0,
502,Dassault Falcon 10,226,1970,1989.0,
503,Sopwith Salamander,497,1918,1919.0,
504,Percival Prentice,370,1947,1949.0,1953
505,LWS-6 Å»ubr,17,1938,1938.0,1940.0
506,Nanchang Q-5,1300,1969,2012.0,2011
507,IAR 316,250,1971,1987.0,
508,McDonnell Douglas MD 500 Defender,471,1976,,
509,Piasecki PV-2,1,1943,1943.0,
510,Curtiss SB2C Helldiver,7140,1943,1945.0,1959
511,Sukhoi Su-34,100,2006,,
512,Sikorsky UH-60 Black Hawk,4000,1974,,
513,Solar Impulse,2,2009,,
514,Embraer Legacy 500,500,500,,
515,Piper PA-14 Family Cruiser,238,1947,1949.0,
516,Aviastroitel AC-5M,35,2000,2003.0,
517,Beechcraft L-23 Seminole,288,1952,1952.0,1992
518,Lockheed Martin F-22 Raptor,195,22,22.0,
519,Lockheed XFV,1,1954,1954.0,
520,Hughes TH-55 Osage,2800,1961,1983.0,
521,Kinner Envoy,8,1934,1936.0,
522,McDonnell Douglas DC-9,976,1965,1982.0,
523,Concorde,20,1965,1979.0,
524,Consolidated PT-1 Trusty,221,1923,1923.0,
525,Fairchild 24,2232,1932,1948.0,
526,Pilatus PC-9,265,1984,,
527,McDonnell Douglas F-15E Strike Eagle,420,1985,,
528,Westland WS-51 Dragonfly,133,1949,1954.0,
529,CAC/PAC JF-17 Thunder,100,2007,2007.0,
530,Boeing 787 Dreamliner,462,2007,,
531,Curtiss P-40 Warhawk variants,13738,1939,1944.0,1958
532,BlÃ©riot VII,1,1907,1907.0,
533,Lockheed JetStar,204,1957,1978.0,1990.0
534,Blue Yonder Merlin,308,1987,,
535,Antonov An-24,1367,1959,1979.0,
536,Gallaudet D-4,2,2,2.0,
537,De Havilland Canada DHC-2 Beaver,1657,1947,1967.0,
538,Kawasaki Ki-56,121,1940,1943.0,
539,SAI KZ III,64,1946,1951.0,
540,Beechcraft Baron,6691,1961,,
541,Friedrichshafen G.II,35,1916,1916.0,
542,Boeing VC-25,2,1986,,
543,Aichi M6A,28,1943,1945.0,1945
544,CASA/IPTN CN-235,273,1983,2012.0,
545,Agusta A129 Mangusta,60,1983,,
546,Fairey Battle,2185,1937,1940.0,1949
547,Kawasaki Ki-100,396,1945,1945.0,1945
548,Shenyang J-11,253,1998,,
549,Dassault Falcon 900,500,1984,,
550,Castel C.25S,170,1945,,
551,Arctic Aircraft Arctic Tern,32,1975,,
552,Breguet Atlantic,87,1961,1987.0,
553,Boeing 737,9213,1966,,
554,Airbus A319,1456,1994,,
555,Fairey Fulmar,600,1940,,1945
556,Zenith STOL CH 701,870,1986,,
557,Yakovlev Yak-15,280,1946,,
558,Bell OH-58 Kiowa,2200,1966,1989.0,April 2016
559,Armstrong Whitworth F.K.3,1,1915,1917.0,
560,Ilyushin Il-78,53,1984,,
561,Fokker E.IV,49,1915,1916.0,
562,Beechcraft Premier I,298,1998,2013.0,
563,Buzzman L'il Buzzard,100,1990,,
564,Boeing KC-767,11,2003,,
565,McDonnell Douglas MD-90,116,1993,2000.0,
566,Dassault MystÃ¨re,171,1951,,1963
567,Klemm Kl 36,12,1934,1934.0,
568,LWS-2,1,1937,1937.0,
569,DRDO Netra,24,2010,,
570,AIDC F-CK-1 Ching-kuo,130,1990,2000.0,
571,Bell 214ST,96,1979,1993.0,
572,Halberstadt D.II,65,1916,1916.0,1917
573,Douglas A-3 Skywarrior,282,1956,1961.0,
574,Airbus A350 XWB,41,2010,,
575,Slingsby T67 Firefly,250,1974,1995.0,United States Air Force 2006
576,Savoia-Marchetti SM.95,20,1942,1949.0,
577,Fieseler Fi 97,5,1934,1934.0,
578,Caudron C.240,1,1931,1931.0,
579,Cessna 172,43000,1956,,
580,Aero A.18,20,1920,1920.0,1939
581,Hawker Hurricane,14583,1937,1944.0,
582,Savoia-Marchetti SM.79,1240,1936,1945.0,1959
583,Kyushu K10W,176,1943,1944.0,1945
584,Lockheed L-1011 TriStar,250,1968,1984.0,
585,ATR 72,836,1988,,
586,Piper J-5,1507,1940,1946.0,
587,Tupolev Tu-134,854,1966,1989.0,
588,Saab 90 Scandia,18,1946,1954.0,
589,AgustaWestland AW189,20,2011,,
590,Short SC.7 Skyvan,153,1963,1986.0,
591,Douglas DC-8,556,1958,,
592,Saab 37 Viggen,329,1970,,
593,Piper PA-18 Super Cub,15000,1949,1983.0,
594,Embraer Phenom 100,2,2007,,
595,North American T-2 Buckeye,529,1958,1970.0,United States Navy 2008
596,Bushcaddy R-80,80,1994,,
597,Eurocopter EC135,1000,1995,,
598,Cessna 170,5174,1948,1956.0,
599,Reims-Cessna F406 Caravan II,85,1983,2013.0,
600,Lublin R-X,7,1929,1929.0,1939
601,NHIndustries NH90,244,1995,,
602,Bombardier Challenger 600 series,1000,1978,,
603,Miles Whitney Straight,50,1936,1937.0,
604,RWD 4,9,1930,1930.0,1936
605,Loire 130,125,1937,1942.0,1951
606,Huff-Daland TW-5,26,1923,1923.0,
607,Supermarine Spitfire,20351,1938,1948.0,1961
608,Dassault Mirage IV,62,1963,1968.0,2005
609,Sukhoi PAK FA,6,2009,2009.0,
610,Zeppelin-Staaken R.VI,18,1917,1919.0,
611,De Havilland Mosquito,7781,1940,1950.0,
612,Cessna 188,3976,1966,1983.0,
613,Bell AH-1Z Viper,52,2000,,
614,Douglas A-20 Havoc,7478,1939,1944.0,1949
615,SOCATA TBM,800,1988,,
616,PZL W-3 SokÃ³Å,149,1986,,
617,Soko J-21 Jastreb,121,1967,1977.0,
618,Grumman F2F,55,1934,1935.0,1940
619,Gulfstream IV,862,1985,,
620,Tupolev Tu-2,2257,1941,1948.0,
621,Hawker 800,650,1983,2013.0,
622,Junkers Ju 52,4845,1931,1945.0,
623,AEA June Bug,1,1908,1908.0,
624,AÃ©rospatiale N 262,110,1962,1976.0,
625,PZL SW-4,40,1996,,
626,HAI Pegasus,16,2003,,
627,Supermarine Spitfire (early Merlin-powered variants),20351,1938,1948.0,1955
628,Soko G-2 Galeb,248,1965,1983.0,
629,Denney Kitfox,4500,1984,,
630,BAC Jet Provost,734,1958,1967.0,1993
631,Douglas C-54 Skymaster,1170,1942,1947.0,1975
632,RWD-14 Czapla,65,1938,1939.0,
633,Piper PA-23,6976,1952,1981.0,
634,Fairey Firefly,1702,1941,1955.0,1956
635,Kawasaki Army Type 88 Reconnaissance Aircraft,1117,1929,1932.0,
636,Yakovlev Yak-23,310,1949,1949.0,1956
637,Fleet Canuck,225,198,198.0,
638,Antonov An-72,195,1977,,
639,Sikorsky Ilya Muromets,85,1913,1917.0,1922
640,Boeing 717,156,1998,2006.0,
641,LWD Szpak,13,1945,1948.0,1955
642,Supermarine Southampton,83,1924,1934.0,
643,Hispano-Suiza E-30,0,1931,1935.0,
644,Sud Aviation Caravelle,282,1958,1972.0,2004
645,Boeing B-50 Superfortress,370,1947,1953.0,1965
646,Bristol Britannia,85,1952,1960.0,
647,Antonov An-12,1248,1957,1973.0,
648,Let L-410 Turbolet,1138,1971,,
649,Saab 29 Tunnan,661,1948,,1976
650,Douglas O-38,156,1931,1931.0,
651,Ilyushin Il-114,20,1992,2012.0,
652,Helmy Aerogypt,1,1938,1938.0,1946
653,Bell 430,136,1996,2008.0,
654,Wassmer WA-51,154,1969,1977.0,
655,Ikarus Kurir,0,1958,,
656,Potez 58,202,1934,1938.0,
657,AÃ©rospatiale Alouette II,1300,1956,1975.0,
658,Blackburn Firecrest,3,1947,1947.0,
659,Dassault Mirage F1,720,1966,1992.0,
660,Schweizer SGM 2-37,12,1982,1988.0,USAF service: April 2003
661,Piaggio P.136,63,1948,1961.0,
662,Embraer EMB 202 Ipanema,1200,1969,1969.0,
663,Sikorsky S-92,200,1998,,
664,BlÃ©riot 155,2,1925,,
665,Ikarus 214,20,1949,1959.0,1970
666,Neiva Regente,122,1963,1975.0,
667,PZL M28 Skytruck,176,1984,1984.0,
668,Bell AH-1 SuperCobra,1271,1,1.0,
669,Beechcraft Musketeer,4366,1963,1983.0,
670,Brock KB-3,200,1985,2005.0,
671,North American Sabreliner,800,1959,1982.0,
672,IAR 80,346,1940,1944.0,1952
673,Airbus A400M Atlas,31,2007,,
674,Piper PA-31T Cheyenne,823,1974,2014.0,
675,Hendy Hobo,1,1929,1929.0,1940
676,CWL WZ-X,4,1926,1927.0,1939
677,Gee Bee Model Z,1,1931,1931.0,
678,Hubbard Monoplane,1,1910,1910.0,
679,Supermarine Walrus,740,1936,1944.0,
680,Antonov An-28,191,1975,1993.0,
681,Breguet 14,7800,1916,1928.0,
682,Aero L-39 Albatros,2900,1971,1996.0,
683,I.Ae. 24 Calquin,101,1947,1950.0,1960
684,Fairchild C-119 Flying Boxcar,1183,1949,1955.0,1995
685,Turana,23,1960,1979.0,
686,HWL Pegaz,1,1947,1948.0,1964
687,Taylor Cub,353,1930,1936.0,
688,Chu CJC-3,1,1,1.0,
689,Avro 643 Cadet,104,1932,1939.0,
690,Rhein Flugzeugbau RW 3 Multoplan,27,1958,1961.0,
691,Fairey Gannet,303,1953,1959.0,
692,Mitsubishi Ki-2,187,1933,1938.0,
693,Temco D-16,110,1953,1957.0,
694,Raj Hamsa X-Air,804,1993,,
695,Rans S-10 Sakota,215,1988,2006.0,
696,UTVA 75,136,1979,1985.0,
697,Arado Ar 196,541,1938,,
698,Martin 146,1,1935,1935.0,
699,Boeing C-97 Stratofreighter,77,1944,1952.0,1978
700,Antonov An-140,34,1997,,
701,Bristol Boxkite,78,1910,,
702,General Aircraft Hamilcar,344,1942,1946.0,
703,Piper PA-36 Pawnee Brave,938,1973,1981.0,
704,ASL Valkyrie,11,1910,1911.0,
705,Loire-Nieuport LN.401,68,1938,1942.0,1940
706,General Aircraft Hotspur,1015,1940,1943.0,
707,BrÃ©guet Br 901 Mouette,0,1955,,
708,LVG C.VI,1100,1918,1918.0,
709,Grumman F-11 Tiger,200,1954,1959.0,1969
710,Aero A.101,50,1930,1930.0,
711,De Havilland Canada DHC-6 Twin Otter,900,1965,1965.0,
712,Marinens Flyvebaatfabrikk M.F.7,2,1922,,1931
713,Stinson L-5 Sentinel,3896,1942,1945.0,
714,Avro 504,8970,1913,1932.0,1934
715,Grumman F-14 Tomcat,712,1969,1991.0,
716,Let L-200 Morava,367,1957,1964.0,
717,Mil Mi-6,926,1959,1980.0,2002
718,RWD 2,4,1929,1930.0,1935
719,Cessna 208 Caravan,2500,1982,,
720,De Havilland Leopard Moth,133,1933,1936.0,
721,Fairchild F-11 Husky,12,1946,1950.0,
722,Shenyang J-6,4500,1958,1986.0,Mid-2002
723,Rans S-4 Coyote,246,1983,2006.0,
724,PZL Å.2,31,1930,1931.0,1935
725,Ruppert Archaeopteryx,16,2010,,
726,Dassault Mercure,12,1971,1975.0,
727,Bartel BM-5,62,1929,1930.0,1939
728,CASA C-207 Azor,20,1958,1967.0,1980.0
729,Tupolev ANT-3,103,1926,1929.0,
730,Saab 105,192,1963,,
731,SchÃ¼tte-Lanz D.I,1,1915,1915.0,
732,Antonov An-26,1403,1969,1986.0,
733,R36 (airship),1,1921,1921.0,June 1926
734,Sukhoi Superjet 100,112,2007,,
735,Aeronca L-16,609,1946,1950.0,
736,Goodyear F2G Corsair,10,1945,1945.0,1945
737,Lublin R-XVI,7,1935,1935.0,
738,Douglas C-124 Globemaster II,448,1949,1955.0,1974
739,Champion Lancer,36,1963,2014.0,
740,General Aircraft Monospar ST-25,60,1935,1939.0,
741,Tupolev Tu-124,164,1960,1965.0,198019901992
742,LiorÃ© et Olivier LeO 45,561,1938,1942.0,1957
743,Beagle B.218,1,1961,1962.0,
744,Auster Autocrat,420,1945,1952.0,
745,Pitcairn PA-4 Fleetwing II,10,1927,1928.0,
746,Cessna O-2 Skymaster,532,1967,1975.0,2010
747,Kari-Keen 90 Sioux Coupe,32,1929,1933.0,
748,Nord Noratlas,425,1949,1961.0,1989
749,Douglas SBD Dauntless,5936,1940,1944.0,1959
750,Cessna Citation Sovereign,300,2002,,
751,Europa XS,495,1994,,
752,Tupolev Tu-22,311,1960,1969.0,1998
753,RWD 21,6,1938,1939.0,1950
754,Sikorsky H-34,2108,1954,1954.0,
755,Fire balloon,9300,1944,1945.0,April 1945
756,Mil Mi-26,316,1980,,
757,Kamov Ka-27,267,1981,,
758,Sikorsky S-300,2800,1964,1983.0,
759,Kawasaki OH-1,38,1996,,
760,Tupolev Tu-114,32,1958,1963.0,1991
761,Handley Page Victor,86,1952,1963.0,1993
762,Piper J-4,1251,1938,1942.0,
763,Percival Pembroke,128,1953,1958.0,
764,RWD 8,550,1934,1939.0,1948
765,Handley Page H.P.54 Harrow,100,1936,1937.0,1945
766,Arnet Pereyra Sabre II,3,1992,,
767,Wedell-Williams Model 22,2,1930,1934.0,1935
768,Mikoyan-Gurevich MiG-9,610,1946,1948.0,
769,Douglas C-133 Cargomaster,50,1956,1961.0,1971
770,Lockheed C-141 Starlifter,285,1963,1968.0,May 2006
771,Caudron C.59,1800,1922,1924.0,
772,Yakovlev Yak-42,185,1979,2003.0,
773,Benoist Land Tractor Type XII,5,1912,1912.0,
774,Bombardier CSeries,8,2012,,
775,Gloster Gauntlet,246,1933,1936.0,
776,HAL Light Combat Helicopter,4,2010,,
777,Hawker Sea Fury,864,1945,,1968
778,Douglas Y1B-7,14,1932,1932.0,January 1939
779,Bayraktar Mini UAV,500,2005,2005.0,
780,AÃ©rospatiale Corvette,40,1974,1977.0,
781,ATR 42,436,1984,,
782,Waco E series,30,1939,1942.0,
783,Darmstadt D-18,1,1929,1929.0,
784,Gotha G.IV,230,1916,1917.0,
785,RTAF-6,1,2014,,
786,Airbus A300,561,1971,2007.0,
787,Grumman F3F,147,1936,1939.0,November 1943
788,Lockheed L-188 Electra,170,1957,,
789,Potez 840,8,1961,1967.0,
790,Bell 47,5600,1946,1974.0,
791,Learjet 25,369,1966,1982.0,
792,BÃ¶lkow Bo 207,92,1961,1963.0,
793,Focke-Wulf Fw 190,20000,1941,,
794,Polikarpov I-16,8644,1934,1942.0,1950.0
795,Aeronca Chief family,13700,1936,1949.0,
796,Yakovlev Yak-1,8700,1940,1944.0,1950
797,Titan (rocket family),368,1957,2000.0,2005
798,Martin B-10,348,1933,1940.0,1949
799,Fokker Universal,44,1926,1931.0,
800,Sukhoi Su-30MKK,134,2000,,
801,Lockheed Martin F-35 Lightning II,171,2006,,
802,Sukhoi Su-25,1000,1978,,
803,De Havilland Dove,542,1946,1967.0,
804,Nakajima Ki-44,1225,1940,1944.0,1945
805,KEA Chelidon,1,1927,1927.0,1938
806,Vickers Wellesley,177,1936,1938.0,
807,General Atomics GNAT,22,1989,,
808,MBB Bo 105,1500,1967,2001.0,
809,PWS-18,40,1935,1936.0,1939
810,Percival Provost,461,1950,1956.0,1969
811,De Havilland Canada Dash 7,113,1975,1988.0,
812,SOCATA ST 10,55,1969,1974.0,
813,SIAI-Marchetti SF.260,860,1964,,
814,Miles Gemini,170,1945,1947.0,
815,PZL-106 Kruk,275,1976,1976.0,
816,Farman F.170 Jabiru,18,1925,1929.0,
817,FFA AS-202 Bravo,214,1969,1991.0,Patria Pilot Training 2011
818,Aero A.20,1,1923,1923.0,
819,Kyushu K11W,798,1942,1945.0,
820,Yokosuka K5Y,5770,1934,1945.0,
821,Spartan Arrow,15,1931,1933.0,
822,CAC Ceres,21,1959,1963.0,
823,BAC Strikemaster,146,1967,1984.0,
824,Piper PA-20 Pacer,9490,1950,1950.0,
825,Beechcraft Twin Bonanza,975,1951,1961.0,
826,Supermarine Sea Otter,292,1942,1945.0,
827,Blackburn Perth,4,1933,1934.0,1938
828,Eurocopter UH-72 Lakota,349,2006,,
829,Gemini Twin,60,2002,2007.0,
830,Bartel BM-4,75,1928,1932.0,1939
831,BAE Systems Hawk,1000,1974,,
832,Yokosuka MXY7 Ohka,852,1944,1945.0,1945
833,Lublin R-VIII,6,1928,1930.0,1939
834,Bristol Buckmaster,112,1945,1946.0,
835,Pilatus PC-12,1400,1991,,
836,Westland Whirlwind (fighter),116,1940,1942.0,October 1943
837,IVL A.22 Hansa,120,1922,1925.0,1936
838,Learjet 55,147,1979,1987.0,
839,Aeronca Champion,7200,1946,1951.0,
840,Polikarpov I-180,10,1938,1940.0,
841,Douglas B-18 Bolo,350,1936,1936.0,1946
842,Grumman American AA-1,1820,1968,1968.0,
843,Boeing 777,1434,1993,,
844,Bristol Freighter,214,1945,1958.0,
845,Canadian Vickers Vedette,60,1924,1930.0,1941
846,Avia S-199,603,1947,1949.0,1957
847,Shcherbakov Shche-2,550,1943,1946.0,
848,Gourdou-Leseurre GL-832 HY,22,1934,1936.0,1941
849,Breda Ba.65,218,1935,1939.0,1941
850,Percival Vega Gull,90,1935,1939.0,1945
851,Fieseler Fi 156,2900,1937,1949.0,Germany: 1945
852,Dassault Falcon 7X,260,2005,,
853,De Havilland Puss Moth,284,1929,1933.0,
854,Eurocopter AS350 Ãcureuil,3590,1975,,
855,Aviatik (Berg) D.I,700,1917,1918.0,
856,TAI Anka,5,2010,,
857,Beechcraft Starship,53,1983,1995.0,
858,CASA 2.111,236,1945,1956.0,1973
859,Piper PA-11,1541,1947,1949.0,
860,Marinens Flyvebaatfabrikk M.F.11,29,1930,1939.0,
861,ERCO Ercoupe,5685,1940,1969.0,
862,Douglas DC-7,343,1953,1958.0,
863,Douglas DC-2,198,1934,1939.0,
864,Douglas DT,90,1921,1929.0,
865,Whitehead No. 21,1,1901,1901.0,
866,Boeing F/A-18E/F Super Hornet,500,1995,,
867,Royal Aircraft Factory R.E.8,4077,1916,1918.0,1918
868,Scottish Aviation Bulldog,320,1969,1976.0,
869,Fiat CR.32,1052,1934,1936.0,1953
870,Percival Mew Gull,6,1934,1938.0,
871,McDonnell Douglas F-4 Phantom II in UK service,118,1984,1984.0,
872,SEPECAT Jaguar,543,1968,1981.0,2005
873,De Havilland Humming Bird,15,1923,1924.0,
874,Supermarine Sea Eagle,3,1923,1923.0,1928
875,Shenyang J-16,24,2012,,
876,Saab 17,323,1941,,1968
877,Reggiane Re.2005,48,1942,1944.0,1945
878,HAL Basant,39,1972,1980.0,
879,SNCASE Languedoc,100,1945,1948.0,1964
880,Bell 407,1082,1995,,
881,Consolidated B-24 Liberator,19256,1940,,1968
882,Quest Kodiak,163,2007,,
883,BAC One-Eleven,244,1963,1982.0,
884,Dayton-Wright OW.1 Aerial Coupe,1,1919,1919.0,
885,Rumpler 6B,88,1916,1918.0,1920.0
886,DFW C.V,3250,1916,1918.0,
887,Ilyushin Il-4,1528,1936,1936.0,
888,Polikarpov I-3,399,1928,1931.0,1935
889,De Havilland Canada DHC-3 Otter,466,1951,1967.0,
890,BlÃ©riot VIII,1,1908,1908.0,
891,Bristol F.2 Fighter,5329,1916,1927.0,1930.0
892,Handley Page Hampden,1430,1936,1941.0,1943
893,US Light Aircraft Hornet,45,1994,2008.0,
894,Aeritalia G.222,111,1970,1993.0,Afghan National Army Air Force 2012
895,Airbus A330,1297,1992,,
896,Dallach Sunrise,0,5,5.0,
897,CZAW SportCruiser,400,2006,,
898,Hawker Woodcock,64,1924,1926.0,
899,Lockheed XH-51,3,1962,,
900,Gulfstream G200,250,1997,2011.0,
901,Mooney M20,11000,1955,2008.0,
902,Handley Page Marathon,43,1946,1951.0,1960
903,Enstrom 480,142,1993,,
904,Ryan FR Fireball,71,1944,1945.0,
905,Fiat G.91Y,2,1966,1972.0,
906,Canadair North Star,71,1946,1950.0,1960.0
907,Mitsubishi Ki-20,6,1931,1935.0,
908,Piper PA-34 Seneca,5000,1971,,
909,Avro Club Cadet,27,1933,1935.0,
910,Saab 35 Draken,651,1955,,2005
911,Mikoyan-Gurevich MiG-21,11496,1959,1985.0,
912,Kayaba Ka-1,98,1941,1945.0,
913,GAF Jindivik,517,1952,1986.0,
914,Sukhoi Su-7,1847,1957,1972.0,1990
915,Piper PA-42 Cheyenne,43400,1979,1993.0,
916,Szekely Flying Dutchman,21,1928,1929.0,
917,Fokker A.I,63,1914,,early 1915
918,Beechcraft King Air,3100,1964,,
919,Kolesnikov-Tsibin KC-20,68,1942,1943.0,
920,Tupolev Tu-141,142,1979,1989.0,1989
921,CANT Z.1007,660,1938,1943.0,
922,Republic RC-3 Seabee,1060,1946,1947.0,
923,Curtiss P-40 Warhawk,13738,1939,1944.0,http://dbpedia.org/resource/Brazilian_Air_Force
924,Chyetverikov MDR-6,27,1939,1945.0,1942
925,Marinens Flyvebaatfabrikk M.F.2,3,1916,1916.0,
926,Lockheed C-69 Constellation,22,1942,1945.0,1945
927,Piper PA-16 Clipper,736,1949,1949.0,
928,LWD Zuch,7,1948,1950.0,1963
929,Travel Air 2000,1300,1925,1930.0,
930,Denel Rooivalk,12,1990,2007.0,
931,Piper PA-28 Cherokee,32778,1961,,
932,Westland Lynx,450,1978,,
933,Fuji FA-200 Aero Subaru,275,1968,1986.0,
934,Convair 880,65,1959,1962.0,
935,Yakovlev UT-2,7243,1936,1948.0,
936,Focke-Wulf Fw 200 Condor,276,1937,1944.0,
937,Eurofighter Typhoon,483,1994,,
938,Fairchild 22,127,1931,1935.0,
939,Precision Tech Fergy,40,1991,,
940,Boeing Business Jet,214,1998,,
941,Sonex Aircraft SubSonex,6,2014,,
942,Sikorsky H-5,300,1944,1951.0,1957
943,Quad City Challenger,3571,1983,,
944,Kamov Ka-25,460,1965,1977.0,
945,List of Chengdu J-7 variants,2400,1964,2013.0,
946,Dornier Do 22,30,1938,1939.0,
947,Hawker Siddeley Harrier,278,1967,1970.0,
948,Fiat RS.14,186,1941,1943.0,1948
949,Avro 636,4,1935,1935.0,
950,Bell AH-1 Cobra,1116,1967,,
951,Sukhoi Su-30MKI,200,30,30.0,
952,Harbin Z-9,200,1981,,
953,Canadair CP-107 Argus,33,1957,1960.0,1982
954,Blackburn Bluebird,20,1928,1929.0,1937
955,Sukhoi Su-15,1290,1965,1979.0,1996
956,North American NA-16,1935,1935,1939.0,
957,Mikoyan-Gurevich MiG-25,1186,1964,,
958,Grumman F6F Hellcat,12275,1942,,1960
959,Mikoyan-Gurevich MiG-23,5047,1967,1985.0,
960,Lockheed C-130 Hercules,2500,1954,,
961,Airbus A310,255,1983,1998.0,
962,Stearman Cloudboy,7,1930,1931.0,
963,Nakajima Army Type 91 Fighter,450,1931,1934.0,1937
964,Kaman SH-2 Seasprite,184,1959,1969.0,Retired by United States Navy in 1993
965,Yokosuka H5Y,20,1938,1941.0,
966,Consolidated B-32 Dominator,118,1944,1945.0,
967,Fokker D.I,144,1916,1916.0,
968,Flight Design CT,900,1997,,
969,British Aerospace Jetstream,386,1980,1993.0,
970,Embraer EMB 314 Super Tucano,200,2003,,
971,Saab 340,459,1983,1999.0,
972,AESL Airtourer,168,1962,1966.0,
973,Dornier Do 27,628,1955,1965.0,
974,Gotha G.V,205,1917,,
975,Martin B-26 Marauder,5288,1941,1945.0,
976,Let L-33 Solo,94,1992,,
977,Taylorcraft F-21,43,1980,1990.0,
978,Vickers Wellington,11462,1936,1945.0,March 1953
979,Beechcraft AT-10 Wichita,2371,1942,1944.0,
980,CAC Wirraway,755,1939,1946.0,1959
981,Nakajima E8N,755,1935,1935.0,
982,Showa/Nakajima L2D,487,1940,1945.0,
983,Tupolev SB,6656,1936,1941.0,1950
984,Eclipse 550,6,2013,,
985,Fokker 70,47,1992,1997.0,
986,Yokosuka D4Y,2038,1942,1945.0,1945
987,Texas-Temple Sportsman,3,1928,1928.0,
988,Boeing B-52 Stratofortress,744,1952,,
989,Canadair CL-84,4,1964,1972.0,1974
990,Polikarpov Po-2,20000,1928,1952.0,
991,Petlyakov Pe-8,93,1936,1944.0,
992,Helwan HA-300,7,1964,1969.0,
993,Avro Shackleton,185,1951,1958.0,1991
994,Mikoyan-Gurevich MiG-1,100,1940,1940.0,1944
995,Curtiss C-46 Commando,3181,1940,1945.0,
996,Tupolev Tu-142,100,1968,1994.0,
997,Fairchild Dornier 328JET,110,1996,2002.0,
998,RogoÅ¾arski R-100,26,1937,1939.0,1950
999,ICAR Universal,14,1934,1936.0,
1000,SIAI-Marchetti S.205,620,1966,1980.0,
1001,Percival Gull,48,1932,1938.0,
1002,Junkers J 1,1,1915,1915.0,1916
1003,RWD 5,20,1931,1937.0,1939
1004,Vickers VC10,54,1962,1970.0,
1005,Dassault Falcon 20,508,1963,1988.0,
1006,Eurocopter Tiger,206,1991,,
1007,Fairey Swordfish,2391,1936,1944.0,
1008,Learjet 23,104,1962,1966.0,
1009,Armstrong Whitworth Wolf,6,1923,1929.0,1931
1010,Curtiss B-2 Condor,13,1929,1930.0,1934
1011,Fiat G.50,683,1935,1943.0,1946
1012,Piper PA-25 Pawnee,5167,1959,1981.0,
1013,Short 360,165,1981,1991.0,
1014,Piper Aerostar,1010,1967,1984.0,
1015,Blackburn Dart,118,1922,1928.0,1933
1016,Ilyushin Il-96,30,1993,2013.0,
1017,RogoÅ¾arski SIM-XIV-H,19,1939,1941.0,1942
1018,AgustaWestland Apache,67,1998,2004.0,
1019,Tupolev Tu-22M,497,1967,1997.0,
1020,Berkshire Concept 70,21,1971,,
1021,Valmet PIK-23 Towmaster,2,1982,,
1022,Westland Wyvern,127,1946,1956.0,1958
1023,PZL S-4 Kania,3,1951,1964.0,
1024,Junkers F.13,322,1919,1932.0,1930.0
1025,Auster Aiglet Trainer,77,1951,1958.0,
1026,Bell UH-1Y Venom,92,2001,,
1027,Pashinin I-21,3,1940,1941.0,
1028,Mitsubishi F-2,94,1995,2011.0,
1029,Maule M-4,474,1963,1983.0,
1030,Hawker 400,92,1978,2009.0,
1031,Ilyushin Il-12,663,1946,1949.0,
1032,AÃ©rospatiale SA 330 Puma,697,1968,,
1033,Douglas TBD Devastator,130,1937,1937.0,1944
1034,Cirrus SR22,4365,2001,,
1035,Mitsubishi F-1,77,1975,1987.0,March 2006
1036,Ehroflug Coach II S,15,1989,,
1037,Antonov An-74,195,1986,,
1038,Boeing C-17 Globemaster III,279,1991,2015.0,
1039,Lockheed S-3 Viking,188,1974,1978.0,
1040,Chengdu J-10,400,2002,,
1041,Cessna 162 Skycatcher,275,2009,2013.0,
1042,Kazan Ansat,36,1998,,
1043,Harbin SH-5,7,1984,1985.0,
1044,Waco Custom Cabin series,350,1935,1939.0,
1045,AEA Silver Dart,1,1908,1908.0,
1046,Nakajima E2N,80,1927,1929.0,
1047,Martin 2-0-2,47,1947,1948.0,about 1975
1048,Westland Scout,150,1960,1968.0,
1049,Boeing KB-29 Superfortress,282,92,,
1050,Douglas C-74 Globemaster,14,1945,1947.0,1970.0
1051,On Mark Marksman,8,1961,1961.0,
1052,Tupolev Tu-143,950,1970,1989.0,
1053,Vultee V-11,224,1936,1940.0,
1054,Antonov An-3,25,1990,,
1055,GippsAero GA8 Airvan,210,2000,2000.0,
1056,Lockheed L-649 Constellation,22,1946,1951.0,
1057,N-class blimp,1,1952,1957.0,1962
1058,Vought F4U Corsair,12571,1942,,1979
1059,Miles Monarch,11,1938,1939.0,
1060,Sikorsky R-4,131,1942,1944.0,
1061,FMA IA 58 PucarÃ¡,110,1976,1986.0,
1062,Nervures Stromboli,545,1998,2004.0,
1063,Savoia-Marchetti SM.82,726,1939,1944.0,After 1960
1064,Mikoyan-Gurevich I-250,12,1945,1946.0,
1065,Grumman HU-16 Albatross,466,1949,1961.0,1995
1066,PZL SM-2,91,1960,,1981
1067,Dornier Do 217,1925,1940,1943.0,1945
1068,Bristol Scout,374,1914,1916.0,
1069,Learjet 60,400,1991,2012.0,
1070,Aero L-159 Alca,72,1997,2003.0,
1071,BlÃ©riot III,1,1906,1906.0,
1072,Aero L-29 DelfÃ­n,3500,1963,1974.0,
1073,Republic F-105 Thunderchief,833,1955,1955.0,
1074,Xian MA60,80,2000,,
1075,Consolidated O-17 Courier,35,1928,1928.0,
1076,Albatros C.VII,400,1916,1916.0,1918
1077,Douglas DC-3,607,1936,1942.0,
1078,AgustaWestland CH-149 Cormorant,15,1990,,
1079,Boeing 720,154,1958,1967.0,
1080,Boeing Model 6,1,1919,1927.0,
1081,Bell Boeing V-22 Osprey,200,1988,,
1082,Tupolev ANT-7,411,1931,1934.0,1941
1083,Eurocopter EC120 Colibri,550,1995,,
1084,Lavochkin La-9,1559,1946,1948.0,
1085,Yakovlev Yak-38,231,1971,1981.0,
1086,Boeing P-8 Poseidon,21,2009,,
1087,RogoÅ¾arski SIM-XI,1,1937,1941.0,1944
1088,Aeronca Sedan,561,1948,1951.0,
1089,Myasishchev M-4,2,93,93.0,1994
1090,McDonnell Douglas F-4 Phantom II in UK service,118,1966,1984.0,
1091,Brewster F2A Buffalo,509,1938,1941.0,1948
1092,IAI Arava,103,1972,1988.0,
1093,Cessna 185,4400,1961,1985.0,
1094,Piper J-3 Cub,19888,1938,1947.0,
1095,Cessna 175 Skylark,2106,1958,1962.0,
1096,Boeing 747-400,694,1988,2005.0,
1097,Boeing KC-135 Stratotanker,803,1955,1965.0,KC-135E: 2009
1098,Nakajima A2N,100,1932,1936.0,
1099,Potez 43,161,1932,1934.0,
1100,General Dynamics F-16 Fighting Falcon,4573,1973,,
1101,PZL.50 JastrzÄb,1,1939,1939.0,
1102,Heston Phoenix,6,1935,1937.0,
1103,Boeing C-40 Clipper,21,2001,,
1104,Beriev Be-10,28,1958,1961.0,
1105,Kawasaki Ki-3,243,1933,1935.0,
1106,Meyers OTW,104,1936,1944.0,
1107,Saunders ST-27,12,1969,1976.0,1980.0
1108,British Aerospace Hawk 200,62,1990,2002.0,
1109,Wedell-Williams Model 45,1,1933,1934.0,1934
1110,Rans S-19 Venterra,23,2008,,
1111,Saab Safari,462,1971,1979.0,
1112,PTO-4,8,1938,1938.0,1944
1113,Martin JRM Mars,7,1945,1948.0,1956
1114,Air & Space 18A,68,1965,2000.0,
1115,Zeppelin-Staaken Riesenflugzeuge,37,1915,1919.0,
1116,Tupolev Tu-154,1026,1968,2013.0,
1117,Ilyushin Il-10,6166,1944,1954.0,1962
1118,Canadair CL-215,125,1969,1990.0,
1119,Canadair CT-114 Tutor,212,1963,1966.0,2000
1120,Bristol Buckingham,119,1943,1945.0,
1121,LWD Junak,252,1951,1956.0,1972
1122,Nervures Altea,390,2001,2005.0,
1123,Handley Page Hastings,151,1947,1947.0,1977
1124,Cessna 414,1070,1968,1985.0,
1125,Harmening High Flyer,75,1988,2008.0,
1126,Dassault MystÃ¨re IV,411,1953,,
1127,Learjet 70/75,75,2013,,
1128,Mikoyan MiG-29,1600,1981,,
1129,Fleetwings BT-12 Sophomore,25,1942,1943.0,
1130,Aeronca 11 Chief,2300,1946,1950.0,
1131,Mudry CAP 20,12,1976,1979.0,
1132,De Havilland Canada DHC-1 Chipmunk,1283,1947,1956.0,1972
1133,Mooney M22 Mustang,36,1965,1970.0,
1134,KAI KT-1 Woongbi,175,1999,,
1135,Bell Oionus I,1,1910,1910.0,
1136,Antonov An-22,68,1966,1976.0,
1137,Cessna CitationJet/M2,1800,1991,,
1138,Beechcraft Skipper,312,1979,1981.0,
1139,Dassault-Breguet Super Ãtendard,85,1974,1983.0,July 2016
1140,Lockheed P-38 Lightning,8426,1941,,1965
1141,Grumman A-6 Intruder,693,1962,1990.0,
1142,Cessna 310,6321,1954,1980.0,
1143,Short Stirling,2371,1939,1945.0,1946
1144,De Havilland Tiger Moth,8868,1931,1944.0,1959
1145,Chengdu J-7,2400,1965,2013.0,
1146,Bristol Bolingbroke,626,1939,1943.0,
1147,Curtiss P-1 Hawk,202,1925,1925.0,
1148,Vickers Vulcan,8,1922,1922.0,July 1928
1149,CASA C-212 Aviocar,478,1971,,
1150,Bugatti Model 100,1,1939,1939.0,
1151,Fleet Fort,101,1941,1942.0,1945
1152,Westland Wallace,104,1933,1936.0,1943
1153,Lockheed Have Blue,2,1977,1978.0,1979
1154,Avro Avian,405,1926,1928.0,
1155,Saab 21R,64,1950,1952.0,1956
1156,Aermacchi MB-339,230,1978,,Royal New Zealand Air Force 2002
1157,Cessna 182 Skylane,23237,1956,1985.0,
1158,Gulfstream III,202,1979,1986.0,
1159,Saro London,31,1934,1938.0,1941
1160,Lockheed Hudson,2941,1938,1943.0,
1161,Mikoyan MiG-27,1075,1970,,
1162,Verville Air Coach,10,1929,1931.0,
1163,MBB/Kawasaki BK 117,443,1979,2004.0,
1164,Sikorsky CH-53E Super Stallion,234,1978,2016.0,
1165,Boeing 727,1832,1962,1984.0,
1166,Cessna 210,9240,1957,1986.0,
1167,SPAD S.A,107,1915,1916.0,
1168,Beriev Be-6,123,1949,,1960.0
1169,Rockwell HiMAT,2,1975,1978.0,
1170,Skycraft Scout,200,1976,1978.0,
1171,Tachikawa Ki-17,560,1936,1943.0,
1172,Nord 3400,152,1959,1961.0,
1173,AgustaWestland AW119 Koala,200,2000,,
1174,ZlÃ­n Z 37,713,1965,1987.0,
1175,Oberlerchner JOB 15,24,1962,1966.0,
1176,Tachikawa Ki-55,1389,1940,1943.0,1953
1177,LTV A-7 Corsair II,1569,1965,1984.0,2014
1178,Breguet AlizÃ©,89,1957,1962.0,2000
1179,Vrabac Mini UAV,50,2008,,
1180,Blackburn Beverley,49,1950,1958.0,1967
1181,Airspeed Viceroy,1,1934,1934.0,
1182,North American Rockwell OV-10 Bronco,360,1965,,US
1183,GAF Nomad,172,1975,1985.0,
1184,PZL-102 Kos,10,1959,1962.0,
1185,Aviastroitel AC-4 Russia,60,1993,1993.0,
1186,IAI Westwind,442,1965,1987.0,
1187,Beriev Be-30,8,1968,1976.0,
1188,Goodyear Inflatoplane,12,1955,1962.0,
1189,Breda Ba.88,149,1936,1940.0,1941
1190,Cessna Citation II,688,1978,2006.0,
1191,McDonnell Douglas A-4G Skyhawk,20,1967,1967.0,1991
1192,Luscombe 8,5867,1937,1940.0,
1193,AÃ©rospatiale SA 360 Dauphin,2,1976,,
1194,Beagle B.206,80,1964,1969.0,
1195,Vultee V-1,25,1933,1936.0,
1196,Aero Ae-45,590,1951,1963.0,
1197,Ilyushin DB-3,1528,1936,1939.0,
1198,Boeing 737 Next Generation,5722,1996,,
1199,Vultee P-66 Vanguard,146,1940,1942.0,1943
1200,Yakovlev Yak-100,2,115,115.0,
1201,ZMC-2,1,1926,,1941
1202,Short Tucano,160,1986,1995.0,
1203,Quicksilver GT500,450,1990,,
1204,Handley Page Dart Herald,50,1959,1968.0,1999
1205,Bell CH-146 Griffon,100,1992,,
1206,Fiat CR.30,176,1932,1935.0,
1207,Beechcraft Travel Air,720,1958,1968.0,
1208,Embraer EMB 120 Brasilia,354,1983,2001.0,
1209,List of surviving Saab 35 Drakens,644,1955,1974.0,2005
1210,Dassault Falcon 2000,310,1993,,
1211,Vought VE-7,128,1918,1928.0,
1212,McDonnell Douglas MD-80,1191,1979,1999.0,
1213,Blackburn Firebrand,220,1942,,1953
1214,Cessna Skymaster,2993,1963,1982.0,
1215,SOCATA Rallye family,3300,1961,1982.0,
1216,Mitsubishi Ki-57,406,1940,1945.0,
1217,Boeing XB-39 Superfortress,1,1944,1944.0,
1218,Hawker Hind,528,1935,1938.0,1957
1219,PAC MFI-17 Mushshak,200,1981,,
1220,Cessna 441 Conquest II,362,1977,1987.0,
1221,Consolidated PT-3,250,1927,1927.0,
1222,British Aerospace 146,387,1978,2001.0,
1223,Grumman FF,116,1932,1934.0,1940
1224,Beagle Pup,176,1967,1970.0,
1225,Junkers W 33,199,1927,,
1226,Bloch MB.200,332,1933,1939.0,
1227,Armstrong Whitworth Albemarle,602,1941,1945.0,
1228,MD Helicopters MD 500,4700,1976,,
1229,Van's Aircraft RV-12,425,2008,,
1230,Piaggio P.180 Avanti,216,1986,,
1231,Airspeed Queen Wasp,5,1937,1937.0,
1232,Eclipse 500,260,2001,2008.0,
1233,Lockheed YF-22,2,1989,1990.0,
1234,Transavia PL-12 Airtruk,118,1966,1993.0,
1235,Lavochkin La-11,1232,1947,1951.0,
1236,F+W C-3605,24,1971,1973.0,1987
1237,McDonnell Douglas MD-11,200,1988,2000.0,
1238,Bell 206,7300,1962,,
1239,Yeoman Cropmaster,21,1960,1966.0,
1240,Avro Tudor,38,1945,1949.0,
1241,Klemm Kl 35,0,1937,1944.0,
1242,Handley Page Hermes,29,1945,1951.0,
1243,North American NA-64 Yale,230,1940,1940.0,
1244,Douglas A-4 Skyhawk,2960,1954,1979.0,2015
1245,Gulfstream American GA-7 Cougar,115,1978,1979.0,
1246,Dassault Balzac V,1,1962,1962.0,
1247,"Supermarine Spitfire variants: specifications, performance and armament",20351,1938,1948.0,1955
1248,KAI KUH-1 Surion,40,2010,,
1249,De Havilland Canada DHC-4 Caribou,307,1958,1968.0,http://dbpedia.org/resource/Royal_Australian_Air_Force
1250,Diamond DA62,25,2015,2015.0,
1251,Mosca-Bystritsky MBbis,50,1916,1918.0,
1252,Cessna 421,1916,1967,1985.0,
1253,Supermarine Air Yacht,1,1930,1930.0,
1254,Vickers Valiant,107,1951,1957.0,January 1965
1255,Arado Ar 65,85,1931,1936.0,
1256,Douglas O-46,90,1936,1937.0,
1257,Darmstadt D-22,2,1931,1931.0,
1258,Murphy Renegade,590,1984,,
1259,PZL.5,15,1930,1932.0,1939
1260,Saab 91 Safir,323,1946,1966.0,
1261,Cessna 195,1180,1947,1954.0,
1262,Short Singapore,37,1934,1937.0,"Retired by RAF in 1941, last flight flown by RNZAF in 1942"
1263,Porterfield Collegiate,476,1936,1941.0,
1264,Tupolev Tu-123,52,1964,1972.0,1979
1265,Junkers G 24,20,1925,1929.0,
